month,duration12,duration11
03,19114.6363636,
04,10234.9126214,
05,7387.11578947,
06,9731.14814815,
07,21837.2465753,7011.0
08,11929.3962264,13368.6141732
09,10896.1016949,11562.3394495
